,ID,Name,Date,Time,Event,Status,Latitude,Longitude,Maximum Wind,Minimum Pressure,Low Wind NE,Low Wind SE,Low Wind SW,Low Wind NW,Moderate Wind NE,Moderate Wind SE,Moderate Wind SW,Moderate Wind NW,High Wind NE,High Wind SE,High Wind SW,High Wind NW
17941,AL031935,UNNAMED,19350903,0,  , HU,24.6,80.5,160,892,-999,-999,-999,-999,-999,-999,-999,-999,-999,-999,-999,-999
17942,AL031935,UNNAMED,19350903,200, L, HU,24.8,80.8,160,892,-999,-999,-999,-999,-999,-999,-999,-999,-999,-999,-999,-999
17950,AL031935,UNNAMED,19350904,2200, L, HU,29.6,83.4,85,965,-999,-999,-999,-999,-999,-999,-999,-999,-999,-999,-999,-999
17956,AL031935,UNNAMED,19350906,600,  , TS,36.1,78,50,996,-999,-999,-999,-999,-999,-999,-999,-999,-999,-999,-999,-999
25937,AL031961,CARLA,19610904,600,  , TD,13.7,79.5,25,1007,-999,-999,-999,-999,-999,-999,-999,-999,-999,-999,-999,-999
25938,AL031961,CARLA,19610904,1200,  , TD,14.2,80.1,25,1006,-999,-999,-999,-999,-999,-999,-999,-999,-999,-999,-999,-999
25939,AL031961,CARLA,19610904,1800,  , TD,14.9,80.7,25,1005,-999,-999,-999,-999,-999,-999,-999,-999,-999,-999,-999,-999
25940,AL031961,CARLA,19610905,0,  , TD,15.5,81.4,30,1002,-999,-999,-999,-999,-999,-999,-999,-999,-999,-999,-999,-999
25941,AL031961,CARLA,19610905,600,  , TD,15.9,82.1,30,999,-999,-999,-999,-999,-999,-999,-999,-999,-999,-999,-999,-999
25942,AL031961,CARLA,19610905,1200,  , TS,16.3,82.7,40,997,-999,-999,-999,-999,-999,-999,-999,-999,-999,-999,-999,-999
25943,AL031961,CARLA,19610905,1800,  , TS,16.9,83.1,45,993,-999,-999,-999,-999,-999,-999,-999,-999,-999,-999,-999,-999
25944,AL031961,CARLA,19610906,0,  , TS,17.4,83.6,50,990,-999,-999,-999,-999,-999,-999,-999,-999,-999,-999,-999,-999
25945,AL031961,CARLA,19610906,600,  , TS,18.1,84.3,55,987,-999,-999,-999,-999,-999,-999,-999,-999,-999,-999,-999,-999
25946,AL031961,CARLA,19610906,1200,  , HU,18.8,85.1,65,984,-999,-999,-999,-999,-999,-999,-999,-999,-999,-999,-999,-999
25947,AL031961,CARLA,19610906,1800,  , HU,19.1,85.6,70,981,-999,-999,-999,-999,-999,-999,-999,-999,-999,-999,-999,-999
25948,AL031961,CARLA,19610907,0,  , HU,19.5,85.9,75,978,-999,-999,-999,-999,-999,-999,-999,-999,-999,-999,-999,-999
25949,AL031961,CARLA,19610907,600,  , HU,20.2,86,80,975,-999,-999,-999,-999,-999,-999,-999,-999,-999,-999,-999,-999
25950,AL031961,CARLA,19610907,1200,  , HU,20.9,86,85,973,-999,-999,-999,-999,-999,-999,-999,-999,-999,-999,-999,-999
25951,AL031961,CARLA,19610907,1800,  , HU,21.7,86.3,95,970,-999,-999,-999,-999,-999,-999,-999,-999,-999,-999,-999,-999
25952,AL031961,CARLA,19610908,0,  , HU,22.3,87.3,100,968,-999,-999,-999,-999,-999,-999,-999,-999,-999,-999,-999,-999
25953,AL031961,CARLA,19610908,600,  , HU,22.8,87.8,105,966,-999,-999,-999,-999,-999,-999,-999,-999,-999,-999,-999,-999
25954,AL031961,CARLA,19610908,1200,  , HU,23.1,88.3,110,965,-999,-999,-999,-999,-999,-999,-999,-999,-999,-999,-999,-999
25955,AL031961,CARLA,19610908,1800,  , HU,23.4,89.2,110,962,-999,-999,-999,-999,-999,-999,-999,-999,-999,-999,-999,-999
25956,AL031961,CARLA,19610909,0,  , HU,23.7,89.8,110,959,-999,-999,-999,-999,-999,-999,-999,-999,-999,-999,-999,-999
25957,AL031961,CARLA,19610909,600,  , HU,24,90.2,110,956,-999,-999,-999,-999,-999,-999,-999,-999,-999,-999,-999,-999
25958,AL031961,CARLA,19610909,1200,  , HU,24.6,91,110,953,-999,-999,-999,-999,-999,-999,-999,-999,-999,-999,-999,-999
25959,AL031961,CARLA,19610909,1800,  , HU,24.9,91.8,110,948,-999,-999,-999,-999,-999,-999,-999,-999,-999,-999,-999,-999
25960,AL031961,CARLA,19610910,0,  , HU,25.6,92.6,110,944,-999,-999,-999,-999,-999,-999,-999,-999,-999,-999,-999,-999
25961,AL031961,CARLA,19610910,600,  , HU,26.1,93.3,115,940,-999,-999,-999,-999,-999,-999,-999,-999,-999,-999,-999,-999
25962,AL031961,CARLA,19610910,1200,  , HU,26.3,93.9,120,937,-999,-999,-999,-999,-999,-999,-999,-999,-999,-999,-999,-999
25963,AL031961,CARLA,19610910,1800,  , HU,26.7,94.5,130,936,-999,-999,-999,-999,-999,-999,-999,-999,-999,-999,-999,-999
25964,AL031961,CARLA,19610911,0,  , HU,27,95,140,936,-999,-999,-999,-999,-999,-999,-999,-999,-999,-999,-999,-999
25965,AL031961,CARLA,19610911,600,  , HU,27.2,95.7,150,936,-999,-999,-999,-999,-999,-999,-999,-999,-999,-999,-999,-999
25966,AL031961,CARLA,19610911,1200,  , HU,27.6,96.2,145,935,-999,-999,-999,-999,-999,-999,-999,-999,-999,-999,-999,-999
25967,AL031961,CARLA,19610911,1800,  , HU,28,96.4,125,931,-999,-999,-999,-999,-999,-999,-999,-999,-999,-999,-999,-999
25968,AL031961,CARLA,19610912,0,  , HU,28.6,96.8,100,940,-999,-999,-999,-999,-999,-999,-999,-999,-999,-999,-999,-999
25969,AL031961,CARLA,19610912,600,  , HU,29.5,97.2,80,955,-999,-999,-999,-999,-999,-999,-999,-999,-999,-999,-999,-999
25970,AL031961,CARLA,19610912,1200,  , TS,30.5,97.4,60,975,-999,-999,-999,-999,-999,-999,-999,-999,-999,-999,-999,-999
25971,AL031961,CARLA,19610912,1800,  , TS,31.8,97.4,45,979,-999,-999,-999,-999,-999,-999,-999,-999,-999,-999,-999,-999
25972,AL031961,CARLA,19610913,0,  , TS,32.8,97.2,40,980,-999,-999,-999,-999,-999,-999,-999,-999,-999,-999,-999,-999
33303,AL091979,DAVID,19790825,1200,  , TD,11.7,36.1,25,1008,-999,-999,-999,-999,-999,-999,-999,-999,-999,-999,-999,-999
33304,AL091979,DAVID,19790825,1800,  , TD,11.7,38.2,25,1007,-999,-999,-999,-999,-999,-999,-999,-999,-999,-999,-999,-999
33305,AL091979,DAVID,19790826,0,  , TD,11.7,40.3,30,1006,-999,-999,-999,-999,-999,-999,-999,-999,-999,-999,-999,-999
33306,AL091979,DAVID,19790826,600,  , TS,11.6,42.2,35,1005,-999,-999,-999,-999,-999,-999,-999,-999,-999,-999,-999,-999
33307,AL091979,DAVID,19790826,1200,  , TS,11.6,44,40,1003,-999,-999,-999,-999,-999,-999,-999,-999,-999,-999,-999,-999
33308,AL091979,DAVID,19790826,1800,  , TS,11.6,45.5,45,998,-999,-999,-999,-999,-999,-999,-999,-999,-999,-999,-999,-999
33309,AL091979,DAVID,19790827,0,  , TS,11.7,47,55,990,-999,-999,-999,-999,-999,-999,-999,-999,-999,-999,-999,-999
33310,AL091979,DAVID,19790827,600,  , HU,11.8,48.5,65,980,-999,-999,-999,-999,-999,-999,-999,-999,-999,-999,-999,-999
33311,AL091979,DAVID,19790827,1200,  , HU,11.8,50,80,966,-999,-999,-999,-999,-999,-999,-999,-999,-999,-999,-999,-999
33312,AL091979,DAVID,19790827,1800,  , HU,11.9,51.5,95,954,-999,-999,-999,-999,-999,-999,-999,-999,-999,-999,-999,-999
33313,AL091979,DAVID,19790828,0,  , HU,12.2,52.9,115,947,-999,-999,-999,-999,-999,-999,-999,-999,-999,-999,-999,-999
33314,AL091979,DAVID,19790828,600,  , HU,12.5,54.4,125,941,-999,-999,-999,-999,-999,-999,-999,-999,-999,-999,-999,-999
33315,AL091979,DAVID,19790828,1200,  , HU,12.8,55.7,130,938,-999,-999,-999,-999,-999,-999,-999,-999,-999,-999,-999,-999
33316,AL091979,DAVID,19790828,1800,  , HU,13.2,56.9,125,941,-999,-999,-999,-999,-999,-999,-999,-999,-999,-999,-999,-999
33317,AL091979,DAVID,19790829,0,  , HU,13.7,58,120,944,-999,-999,-999,-999,-999,-999,-999,-999,-999,-999,-999,-999
33318,AL091979,DAVID,19790829,600,  , HU,14.2,59.2,120,942,-999,-999,-999,-999,-999,-999,-999,-999,-999,-999,-999,-999
33319,AL091979,DAVID,19790829,1200,  , HU,14.8,60.3,125,938,-999,-999,-999,-999,-999,-999,-999,-999,-999,-999,-999,-999
33320,AL091979,DAVID,19790829,1800,  , HU,15.3,61.6,125,933,-999,-999,-999,-999,-999,-999,-999,-999,-999,-999,-999,-999
33321,AL091979,DAVID,19790830,0,  , HU,15.6,62.8,130,929,-999,-999,-999,-999,-999,-999,-999,-999,-999,-999,-999,-999
33322,AL091979,DAVID,19790830,600,  , HU,16,64.2,140,925,-999,-999,-999,-999,-999,-999,-999,-999,-999,-999,-999,-999
33323,AL091979,DAVID,19790830,1200,  , HU,16.3,65.2,145,924,-999,-999,-999,-999,-999,-999,-999,-999,-999,-999,-999,-999
33324,AL091979,DAVID,19790830,1800,  , HU,16.6,66.2,150,924,-999,-999,-999,-999,-999,-999,-999,-999,-999,-999,-999,-999
33325,AL091979,DAVID,19790831,0,  , HU,16.8,67.3,145,927,-999,-999,-999,-999,-999,-999,-999,-999,-999,-999,-999,-999
33326,AL091979,DAVID,19790831,600,  , HU,17,68.3,145,928,-999,-999,-999,-999,-999,-999,-999,-999,-999,-999,-999,-999
33327,AL091979,DAVID,19790831,1200,  , HU,17.2,69.1,145,927,-999,-999,-999,-999,-999,-999,-999,-999,-999,-999,-999,-999
33328,AL091979,DAVID,19790831,1800,  , HU,17.9,69.7,150,926,-999,-999,-999,-999,-999,-999,-999,-999,-999,-999,-999,-999
33329,AL091979,DAVID,19790901,0,  , HU,18.8,70.4,130,953,-999,-999,-999,-999,-999,-999,-999,-999,-999,-999,-999,-999
33330,AL091979,DAVID,19790901,600,  , HU,19.3,72,100,978,-999,-999,-999,-999,-999,-999,-999,-999,-999,-999,-999,-999
33331,AL091979,DAVID,19790901,1200,  , HU,19.7,73.7,65,1002,-999,-999,-999,-999,-999,-999,-999,-999,-999,-999,-999,-999
33332,AL091979,DAVID,19790901,1800,  , TS,20.6,74.6,60,1002,-999,-999,-999,-999,-999,-999,-999,-999,-999,-999,-999,-999
33333,AL091979,DAVID,19790902,0,  , HU,21.3,75.2,65,997,-999,-999,-999,-999,-999,-999,-999,-999,-999,-999,-999,-999
33334,AL091979,DAVID,19790902,600,  , HU,21.9,75.5,70,990,-999,-999,-999,-999,-999,-999,-999,-999,-999,-999,-999,-999
33335,AL091979,DAVID,19790902,1200,  , HU,23,76.3,70,984,-999,-999,-999,-999,-999,-999,-999,-999,-999,-999,-999,-999
33336,AL091979,DAVID,19790902,1800,  , HU,23.9,77.4,75,979,-999,-999,-999,-999,-999,-999,-999,-999,-999,-999,-999,-999
33337,AL091979,DAVID,19790903,0,  , HU,24.6,78.2,80,976,-999,-999,-999,-999,-999,-999,-999,-999,-999,-999,-999,-999
33338,AL091979,DAVID,19790903,600,  , HU,25.3,79.1,80,974,-999,-999,-999,-999,-999,-999,-999,-999,-999,-999,-999,-999
33339,AL091979,DAVID,19790903,1200,  , HU,26.3,79.6,85,973,-999,-999,-999,-999,-999,-999,-999,-999,-999,-999,-999,-999
33340,AL091979,DAVID,19790903,1800,  , HU,27.2,80.2,85,972,-999,-999,-999,-999,-999,-999,-999,-999,-999,-999,-999,-999
33341,AL091979,DAVID,19790904,0,  , HU,28,80.5,85,971,-999,-999,-999,-999,-999,-999,-999,-999,-999,-999,-999,-999
33342,AL091979,DAVID,19790904,600,  , HU,29.1,80.8,85,970,-999,-999,-999,-999,-999,-999,-999,-999,-999,-999,-999,-999
33343,AL091979,DAVID,19790904,1200,  , HU,30.2,80.9,85,970,-999,-999,-999,-999,-999,-999,-999,-999,-999,-999,-999,-999
33344,AL091979,DAVID,19790904,1800,  , HU,31.5,81.2,80,970,-999,-999,-999,-999,-999,-999,-999,-999,-999,-999,-999,-999
33345,AL091979,DAVID,19790905,0,  , HU,32.5,81.1,65,972,-999,-999,-999,-999,-999,-999,-999,-999,-999,-999,-999,-999
33346,AL091979,DAVID,19790905,600,  , TS,33.5,80.9,55,976,-999,-999,-999,-999,-999,-999,-999,-999,-999,-999,-999,-999
33347,AL091979,DAVID,19790905,1200,  , TS,34.9,80.6,45,980,-999,-999,-999,-999,-999,-999,-999,-999,-999,-999,-999,-999
33348,AL091979,DAVID,19790905,1800,  , TS,36.2,80.1,40,984,-999,-999,-999,-999,-999,-999,-999,-999,-999,-999,-999,-999
33349,AL091979,DAVID,19790906,0,  , TS,37.6,79.5,40,987,-999,-999,-999,-999,-999,-999,-999,-999,-999,-999,-999,-999
33350,AL091979,DAVID,19790906,600,  , TS,39.2,78.5,40,989,-999,-999,-999,-999,-999,-999,-999,-999,-999,-999,-999,-999
33351,AL091979,DAVID,19790906,1200,  , TS,41.5,76.3,40,991,-999,-999,-999,-999,-999,-999,-999,-999,-999,-999,-999,-999
33352,AL091979,DAVID,19790906,1800,  , EX,43.3,73.7,40,992,-999,-999,-999,-999,-999,-999,-999,-999,-999,-999,-999,-999
33353,AL091979,DAVID,19790907,0,  , EX,45,70,45,991,-999,-999,-999,-999,-999,-999,-999,-999,-999,-999,-999,-999
33354,AL091979,DAVID,19790907,600,  , EX,46.5,66,50,988,-999,-999,-999,-999,-999,-999,-999,-999,-999,-999,-999,-999
33355,AL091979,DAVID,19790907,1200,  , EX,47.5,61.5,50,987,-999,-999,-999,-999,-999,-999,-999,-999,-999,-999,-999,-999
33356,AL091979,DAVID,19790907,1800,  , EX,50,57,55,986,-999,-999,-999,-999,-999,-999,-999,-999,-999,-999,-999,-999
33357,AL091979,DAVID,19790908,0,  , EX,52.5,52.5,60,985,-999,-999,-999,-999,-999,-999,-999,-999,-999,-999,-999,-999
33704,AL041980,ALLEN,19800801,0,  , TD,10.8,34.3,30,1010,-999,-999,-999,-999,-999,-999,-999,-999,-999,-999,-999,-999
33705,AL041980,ALLEN,19800801,600,  , TD,10.7,36.4,30,1009,-999,-999,-999,-999,-999,-999,-999,-999,-999,-999,-999,-999
33706,AL041980,ALLEN,19800801,1200,  , TD,10.7,38.6,30,1008,-999,-999,-999,-999,-999,-999,-999,-999,-999,-999,-999,-999
33707,AL041980,ALLEN,19800801,1800,  , TD,10.7,40.7,30,1006,-999,-999,-999,-999,-999,-999,-999,-999,-999,-999,-999,-999
33708,AL041980,ALLEN,19800802,0,  , TS,11,42.8,35,1005,-999,-999,-999,-999,-999,-999,-999,-999,-999,-999,-999,-999
33709,AL041980,ALLEN,19800802,600,  , TS,11.4,44.8,45,1000,-999,-999,-999,-999,-999,-999,-999,-999,-999,-999,-999,-999
33710,AL041980,ALLEN,19800802,1200,  , TS,11.9,46.9,55,995,-999,-999,-999,-999,-999,-999,-999,-999,-999,-999,-999,-999
33711,AL041980,ALLEN,19800802,1800,  , TS,12.3,49.1,60,990,-999,-999,-999,-999,-999,-999,-999,-999,-999,-999,-999,-999
33712,AL041980,ALLEN,19800803,0,  , HU,12.4,51.4,65,985,-999,-999,-999,-999,-999,-999,-999,-999,-999,-999,-999,-999
33713,AL041980,ALLEN,19800803,600,  , HU,12.6,53.6,70,980,-999,-999,-999,-999,-999,-999,-999,-999,-999,-999,-999,-999
33714,AL041980,ALLEN,19800803,1200,  , HU,12.8,55.6,80,975,-999,-999,-999,-999,-999,-999,-999,-999,-999,-999,-999,-999
33715,AL041980,ALLEN,19800803,1800,  , HU,12.9,57.5,95,965,-999,-999,-999,-999,-999,-999,-999,-999,-999,-999,-999,-999
33716,AL041980,ALLEN,19800804,0,  , HU,13.3,59.1,110,950,-999,-999,-999,-999,-999,-999,-999,-999,-999,-999,-999,-999
33717,AL041980,ALLEN,19800804,600,  , HU,13.6,61,115,948,-999,-999,-999,-999,-999,-999,-999,-999,-999,-999,-999,-999
33718,AL041980,ALLEN,19800804,1200,  , HU,14,63,125,945,-999,-999,-999,-999,-999,-999,-999,-999,-999,-999,-999,-999
33719,AL041980,ALLEN,19800804,1800,  , HU,14.4,64.9,130,930,-999,-999,-999,-999,-999,-999,-999,-999,-999,-999,-999,-999
33720,AL041980,ALLEN,19800805,0,  , HU,14.8,66.7,140,911,-999,-999,-999,-999,-999,-999,-999,-999,-999,-999,-999,-999
33721,AL041980,ALLEN,19800805,600,  , HU,15.4,68.6,145,916,-999,-999,-999,-999,-999,-999,-999,-999,-999,-999,-999,-999
33722,AL041980,ALLEN,19800805,1200,  , HU,15.9,70.5,155,932,-999,-999,-999,-999,-999,-999,-999,-999,-999,-999,-999,-999
33723,AL041980,ALLEN,19800805,1800,  , HU,16.5,72.3,150,940,-999,-999,-999,-999,-999,-999,-999,-999,-999,-999,-999,-999
33724,AL041980,ALLEN,19800806,0,  , HU,17.8,73.8,140,945,-999,-999,-999,-999,-999,-999,-999,-999,-999,-999,-999,-999
33725,AL041980,ALLEN,19800806,600,  , HU,18.3,75.9,115,955,-999,-999,-999,-999,-999,-999,-999,-999,-999,-999,-999,-999
33726,AL041980,ALLEN,19800806,1200,  , HU,19.2,78,115,955,-999,-999,-999,-999,-999,-999,-999,-999,-999,-999,-999,-999
33727,AL041980,ALLEN,19800806,1800,  , HU,20,80.1,125,955,-999,-999,-999,-999,-999,-999,-999,-999,-999,-999,-999,-999
33728,AL041980,ALLEN,19800807,0,  , HU,20.1,81.9,135,945,-999,-999,-999,-999,-999,-999,-999,-999,-999,-999,-999,-999
33729,AL041980,ALLEN,19800807,600,  , HU,20.4,83.6,145,935,-999,-999,-999,-999,-999,-999,-999,-999,-999,-999,-999,-999
33730,AL041980,ALLEN,19800807,1200,  , HU,21,84.8,155,910,-999,-999,-999,-999,-999,-999,-999,-999,-999,-999,-999,-999
33731,AL041980,ALLEN,19800807,1800,  , HU,21.8,86.4,165,899,-999,-999,-999,-999,-999,-999,-999,-999,-999,-999,-999,-999
33732,AL041980,ALLEN,19800808,0,  , HU,22.2,87.9,155,920,-999,-999,-999,-999,-999,-999,-999,-999,-999,-999,-999,-999
33733,AL041980,ALLEN,19800808,600,  , HU,22.8,89.2,130,945,-999,-999,-999,-999,-999,-999,-999,-999,-999,-999,-999,-999
33734,AL041980,ALLEN,19800808,1200,  , HU,23.4,90.5,115,960,-999,-999,-999,-999,-999,-999,-999,-999,-999,-999,-999,-999
33735,AL041980,ALLEN,19800808,1800,  , HU,23.9,91.8,130,940,-999,-999,-999,-999,-999,-999,-999,-999,-999,-999,-999,-999
33736,AL041980,ALLEN,19800809,0,  , HU,24.5,93,145,912,-999,-999,-999,-999,-999,-999,-999,-999,-999,-999,-999,-999
33737,AL041980,ALLEN,19800809,600,  , HU,25,94.2,155,909,-999,-999,-999,-999,-999,-999,-999,-999,-999,-999,-999,-999
33738,AL041980,ALLEN,19800809,1200,  , HU,25.2,95.4,140,916,-999,-999,-999,-999,-999,-999,-999,-999,-999,-999,-999,-999
33739,AL041980,ALLEN,19800809,1800,  , HU,25.4,96.1,125,925,-999,-999,-999,-999,-999,-999,-999,-999,-999,-999,-999,-999
33740,AL041980,ALLEN,19800810,0,  , HU,25.8,96.8,110,935,-999,-999,-999,-999,-999,-999,-999,-999,-999,-999,-999,-999
33741,AL041980,ALLEN,19800810,600,  , HU,26.1,97.2,100,945,-999,-999,-999,-999,-999,-999,-999,-999,-999,-999,-999,-999
33742,AL041980,ALLEN,19800810,1200,  , HU,26.7,98.1,85,960,-999,-999,-999,-999,-999,-999,-999,-999,-999,-999,-999,-999
33743,AL041980,ALLEN,19800810,1800,  , HU,27.3,99,70,970,-999,-999,-999,-999,-999,-999,-999,-999,-999,-999,-999,-999
33744,AL041980,ALLEN,19800811,0,  , TS,27.7,99.8,60,990,-999,-999,-999,-999,-999,-999,-999,-999,-999,-999,-999,-999
33745,AL041980,ALLEN,19800811,600,  , TS,28,100.9,45,1000,-999,-999,-999,-999,-999,-999,-999,-999,-999,-999,-999,-999
33746,AL041980,ALLEN,19800811,1200,  , TD,28.5,101.9,30,1005,-999,-999,-999,-999,-999,-999,-999,-999,-999,-999,-999,-999
33747,AL041980,ALLEN,19800811,1800,  , TD,28.9,102.9,30,1008,-999,-999,-999,-999,-999,-999,-999,-999,-999,-999,-999,-999
36423,AL081988,GILBERT,19880908,1800,  , TD,12,54,25,1008,-999,-999,-999,-999,-999,-999,-999,-999,-999,-999,-999,-999
36424,AL081988,GILBERT,19880909,0,  , TD,12.7,55.6,25,1007,-999,-999,-999,-999,-999,-999,-999,-999,-999,-999,-999,-999
36425,AL081988,GILBERT,19880909,600,  , TD,13.3,57.1,30,1006,-999,-999,-999,-999,-999,-999,-999,-999,-999,-999,-999,-999
36426,AL081988,GILBERT,19880909,1200,  , TD,14,58.6,30,1005,-999,-999,-999,-999,-999,-999,-999,-999,-999,-999,-999,-999
36427,AL081988,GILBERT,19880909,1800,  , TS,14.5,60.1,35,1004,-999,-999,-999,-999,-999,-999,-999,-999,-999,-999,-999,-999
36428,AL081988,GILBERT,19880910,0,  , TS,14.8,61.5,40,1002,-999,-999,-999,-999,-999,-999,-999,-999,-999,-999,-999,-999
36429,AL081988,GILBERT,19880910,600,  , TS,15,62.8,45,998,-999,-999,-999,-999,-999,-999,-999,-999,-999,-999,-999,-999
36430,AL081988,GILBERT,19880910,1200,  , TS,15.3,64.1,50,995,-999,-999,-999,-999,-999,-999,-999,-999,-999,-999,-999,-999
36431,AL081988,GILBERT,19880910,1800,  , TS,15.7,65.4,55,992,-999,-999,-999,-999,-999,-999,-999,-999,-999,-999,-999,-999
36432,AL081988,GILBERT,19880911,0,  , HU,15.9,66.8,65,989,-999,-999,-999,-999,-999,-999,-999,-999,-999,-999,-999,-999
36433,AL081988,GILBERT,19880911,600,  , HU,16.2,68,80,982,-999,-999,-999,-999,-999,-999,-999,-999,-999,-999,-999,-999
36434,AL081988,GILBERT,19880911,1200,  , HU,16.1,69.5,95,975,-999,-999,-999,-999,-999,-999,-999,-999,-999,-999,-999,-999
36435,AL081988,GILBERT,19880911,1800,  , HU,16.2,70.7,100,970,-999,-999,-999,-999,-999,-999,-999,-999,-999,-999,-999,-999
36436,AL081988,GILBERT,19880912,0,  , HU,16.8,72,105,964,-999,-999,-999,-999,-999,-999,-999,-999,-999,-999,-999,-999
36437,AL081988,GILBERT,19880912,600,  , HU,17.3,73.7,110,962,-999,-999,-999,-999,-999,-999,-999,-999,-999,-999,-999,-999
36438,AL081988,GILBERT,19880912,1200,  , HU,17.6,75.3,110,960,-999,-999,-999,-999,-999,-999,-999,-999,-999,-999,-999,-999
36439,AL081988,GILBERT,19880912,1700, L, HU,17.8,76.8,115,960,-999,-999,-999,-999,-999,-999,-999,-999,-999,-999,-999,-999
36440,AL081988,GILBERT,19880912,1800,  , HU,17.9,76.9,110,960,-999,-999,-999,-999,-999,-999,-999,-999,-999,-999,-999,-999
36441,AL081988,GILBERT,19880913,0,  , HU,18.2,78.5,110,960,-999,-999,-999,-999,-999,-999,-999,-999,-999,-999,-999,-999
36442,AL081988,GILBERT,19880913,600,  , HU,18.5,79.7,115,952,-999,-999,-999,-999,-999,-999,-999,-999,-999,-999,-999,-999
36443,AL081988,GILBERT,19880913,1200,  , HU,18.8,81.1,125,934,-999,-999,-999,-999,-999,-999,-999,-999,-999,-999,-999,-999
36444,AL081988,GILBERT,19880913,1800,  , HU,19.4,82.5,140,905,-999,-999,-999,-999,-999,-999,-999,-999,-999,-999,-999,-999
36445,AL081988,GILBERT,19880914,0,  , HU,19.7,83.8,160,888,-999,-999,-999,-999,-999,-999,-999,-999,-999,-999,-999,-999
36446,AL081988,GILBERT,19880914,600,  , HU,19.9,85.3,155,889,-999,-999,-999,-999,-999,-999,-999,-999,-999,-999,-999,-999
36447,AL081988,GILBERT,19880914,1200,  , HU,20.4,86.5,145,892,-999,-999,-999,-999,-999,-999,-999,-999,-999,-999,-999,-999
36448,AL081988,GILBERT,19880914,1500, L, HU,20.7,87,140,900,-999,-999,-999,-999,-999,-999,-999,-999,-999,-999,-999,-999
36449,AL081988,GILBERT,19880914,1800,  , HU,20.9,87.8,130,925,-999,-999,-999,-999,-999,-999,-999,-999,-999,-999,-999,-999
36450,AL081988,GILBERT,19880915,0,  , HU,21.3,89.5,100,944,-999,-999,-999,-999,-999,-999,-999,-999,-999,-999,-999,-999
36451,AL081988,GILBERT,19880915,600,  , HU,21.6,90.7,90,949,-999,-999,-999,-999,-999,-999,-999,-999,-999,-999,-999,-999
36452,AL081988,GILBERT,19880915,1200,  , HU,21.9,91.7,85,950,-999,-999,-999,-999,-999,-999,-999,-999,-999,-999,-999,-999
36453,AL081988,GILBERT,19880915,1800,  , HU,22.1,92.8,90,950,-999,-999,-999,-999,-999,-999,-999,-999,-999,-999,-999,-999
36454,AL081988,GILBERT,19880916,0,  , HU,22.5,93.8,100,949,-999,-999,-999,-999,-999,-999,-999,-999,-999,-999,-999,-999
36455,AL081988,GILBERT,19880916,600,  , HU,22.9,94.8,110,946,-999,-999,-999,-999,-999,-999,-999,-999,-999,-999,-999,-999
36456,AL081988,GILBERT,19880916,1200,  , HU,23.7,95.9,115,948,-999,-999,-999,-999,-999,-999,-999,-999,-999,-999,-999,-999
36457,AL081988,GILBERT,19880916,1800,  , HU,23.9,97,115,950,-999,-999,-999,-999,-999,-999,-999,-999,-999,-999,-999,-999
36458,AL081988,GILBERT,19880916,2200, L, HU,24.2,97.8,110,955,-999,-999,-999,-999,-999,-999,-999,-999,-999,-999,-999,-999
36459,AL081988,GILBERT,19880917,0,  , HU,24.4,98.2,80,964,-999,-999,-999,-999,-999,-999,-999,-999,-999,-999,-999,-999
36460,AL081988,GILBERT,19880917,600,  , TS,24.8,99.3,50,988,-999,-999,-999,-999,-999,-999,-999,-999,-999,-999,-999,-999
36461,AL081988,GILBERT,19880917,1200,  , TS,25,100.5,35,996,-999,-999,-999,-999,-999,-999,-999,-999,-999,-999,-999,-999
36462,AL081988,GILBERT,19880917,1800,  , TD,25.4,101.9,30,1000,-999,-999,-999,-999,-999,-999,-999,-999,-999,-999,-999,-999
36463,AL081988,GILBERT,19880918,0,  , TD,26,103.2,30,1002,-999,-999,-999,-999,-999,-999,-999,-999,-999,-999,-999,-999
36464,AL081988,GILBERT,19880918,600,  , TD,27.6,103.7,30,1004,-999,-999,-999,-999,-999,-999,-999,-999,-999,-999,-999,-999
36465,AL081988,GILBERT,19880918,1200,  , TD,29.3,102.6,25,1003,-999,-999,-999,-999,-999,-999,-999,-999,-999,-999,-999,-999
36466,AL081988,GILBERT,19880918,1800,  , TD,31.5,101.3,25,1003,-999,-999,-999,-999,-999,-999,-999,-999,-999,-999,-999,-999
36467,AL081988,GILBERT,19880919,0,  , TD,33.2,99.7,25,1002,-999,-999,-999,-999,-999,-999,-999,-999,-999,-999,-999,-999
36468,AL081988,GILBERT,19880919,600,  , TD,35.8,97.7,25,1001,-999,-999,-999,-999,-999,-999,-999,-999,-999,-999,-999,-999
36469,AL081988,GILBERT,19880919,1200,  , TD,37.7,93.2,25,999,-999,-999,-999,-999,-999,-999,-999,-999,-999,-999,-999,-999
36470,AL081988,GILBERT,19880919,1800,  , EX,40.2,89.9,25,998,-999,-999,-999,-999,-999,-999,-999,-999,-999,-999,-999,-999
36471,AL081988,GILBERT,19880920,0,  , EX,43.4,86.5,25,995,-999,-999,-999,-999,-999,-999,-999,-999,-999,-999,-999,-999
37937,AL041992,ANDREW,19920816,1800,  , TD,10.8,35.5,25,1010,-999,-999,-999,-999,-999,-999,-999,-999,-999,-999,-999,-999
37938,AL041992,ANDREW,19920817,0,  , TD,11.2,37.4,30,1009,-999,-999,-999,-999,-999,-999,-999,-999,-999,-999,-999,-999
37939,AL041992,ANDREW,19920817,600,  , TD,11.7,39.6,30,1008,-999,-999,-999,-999,-999,-999,-999,-999,-999,-999,-999,-999
37940,AL041992,ANDREW,19920817,1200,  , TS,12.3,42,35,1006,-999,-999,-999,-999,-999,-999,-999,-999,-999,-999,-999,-999
37941,AL041992,ANDREW,19920817,1800,  , TS,13.1,44.2,35,1003,-999,-999,-999,-999,-999,-999,-999,-999,-999,-999,-999,-999
37942,AL041992,ANDREW,19920818,0,  , TS,13.6,46.2,40,1002,-999,-999,-999,-999,-999,-999,-999,-999,-999,-999,-999,-999
37943,AL041992,ANDREW,19920818,600,  , TS,14.1,48,45,1001,-999,-999,-999,-999,-999,-999,-999,-999,-999,-999,-999,-999
37944,AL041992,ANDREW,19920818,1200,  , TS,14.6,49.9,45,1000,-999,-999,-999,-999,-999,-999,-999,-999,-999,-999,-999,-999
37945,AL041992,ANDREW,19920818,1800,  , TS,15.4,51.8,45,1000,-999,-999,-999,-999,-999,-999,-999,-999,-999,-999,-999,-999
37946,AL041992,ANDREW,19920819,0,  , TS,16.3,53.5,45,1001,-999,-999,-999,-999,-999,-999,-999,-999,-999,-999,-999,-999
37947,AL041992,ANDREW,19920819,600,  , TS,17.2,55.3,45,1002,-999,-999,-999,-999,-999,-999,-999,-999,-999,-999,-999,-999
37948,AL041992,ANDREW,19920819,1200,  , TS,18,56.9,45,1005,-999,-999,-999,-999,-999,-999,-999,-999,-999,-999,-999,-999
37949,AL041992,ANDREW,19920819,1800,  , TS,18.8,58.3,45,1007,-999,-999,-999,-999,-999,-999,-999,-999,-999,-999,-999,-999
37950,AL041992,ANDREW,19920820,0,  , TS,19.8,59.3,40,1011,-999,-999,-999,-999,-999,-999,-999,-999,-999,-999,-999,-999
37951,AL041992,ANDREW,19920820,600,  , TS,20.7,60,40,1013,-999,-999,-999,-999,-999,-999,-999,-999,-999,-999,-999,-999
37952,AL041992,ANDREW,19920820,1200,  , TS,21.7,60.7,40,1015,-999,-999,-999,-999,-999,-999,-999,-999,-999,-999,-999,-999
37953,AL041992,ANDREW,19920820,1800,  , TS,22.5,61.5,40,1014,-999,-999,-999,-999,-999,-999,-999,-999,-999,-999,-999,-999
37954,AL041992,ANDREW,19920821,0,  , TS,23.2,62.4,45,1014,-999,-999,-999,-999,-999,-999,-999,-999,-999,-999,-999,-999
37955,AL041992,ANDREW,19920821,600,  , TS,23.9,63.3,45,1010,-999,-999,-999,-999,-999,-999,-999,-999,-999,-999,-999,-999
37956,AL041992,ANDREW,19920821,1200,  , TS,24.4,64.2,50,1007,-999,-999,-999,-999,-999,-999,-999,-999,-999,-999,-999,-999
37957,AL041992,ANDREW,19920821,1800,  , TS,24.8,64.9,50,1004,-999,-999,-999,-999,-999,-999,-999,-999,-999,-999,-999,-999
37958,AL041992,ANDREW,19920822,0,  , TS,25.3,65.9,55,1000,-999,-999,-999,-999,-999,-999,-999,-999,-999,-999,-999,-999
37959,AL041992,ANDREW,19920822,600,  , HU,25.6,67,65,994,-999,-999,-999,-999,-999,-999,-999,-999,-999,-999,-999,-999
37960,AL041992,ANDREW,19920822,1200,  , HU,25.8,68.3,80,981,-999,-999,-999,-999,-999,-999,-999,-999,-999,-999,-999,-999
37961,AL041992,ANDREW,19920822,1800,  , HU,25.7,69.7,95,969,-999,-999,-999,-999,-999,-999,-999,-999,-999,-999,-999,-999
37962,AL041992,ANDREW,19920823,0,  , HU,25.6,71.1,110,961,-999,-999,-999,-999,-999,-999,-999,-999,-999,-999,-999,-999
37963,AL041992,ANDREW,19920823,600,  , HU,25.5,72.5,130,947,-999,-999,-999,-999,-999,-999,-999,-999,-999,-999,-999,-999
37964,AL041992,ANDREW,19920823,1200,  , HU,25.4,74.2,145,933,-999,-999,-999,-999,-999,-999,-999,-999,-999,-999,-999,-999
37965,AL041992,ANDREW,19920823,1800,  , HU,25.4,75.8,150,922,-999,-999,-999,-999,-999,-999,-999,-999,-999,-999,-999,-999
37966,AL041992,ANDREW,19920823,2100, L, HU,25.4,76.6,140,923,-999,-999,-999,-999,-999,-999,-999,-999,-999,-999,-999,-999
37967,AL041992,ANDREW,19920824,0,  , HU,25.4,77.5,125,930,-999,-999,-999,-999,-999,-999,-999,-999,-999,-999,-999,-999
37968,AL041992,ANDREW,19920824,100, L, HU,25.4,77.8,130,931,-999,-999,-999,-999,-999,-999,-999,-999,-999,-999,-999,-999
37969,AL041992,ANDREW,19920824,600,  , HU,25.4,79.3,130,937,-999,-999,-999,-999,-999,-999,-999,-999,-999,-999,-999,-999
37970,AL041992,ANDREW,19920824,840, L, HU,25.5,80.2,145,926,-999,-999,-999,-999,-999,-999,-999,-999,-999,-999,-999,-999
37971,AL041992,ANDREW,19920824,905, L, HU,25.5,80.3,145,922,-999,-999,-999,-999,-999,-999,-999,-999,-999,-999,-999,-999
37972,AL041992,ANDREW,19920824,1200,  , HU,25.6,81.2,115,951,-999,-999,-999,-999,-999,-999,-999,-999,-999,-999,-999,-999
37973,AL041992,ANDREW,19920824,1800,  , HU,25.8,83.1,115,947,-999,-999,-999,-999,-999,-999,-999,-999,-999,-999,-999,-999
37974,AL041992,ANDREW,19920825,0,  , HU,26.2,85,115,943,-999,-999,-999,-999,-999,-999,-999,-999,-999,-999,-999,-999
37975,AL041992,ANDREW,19920825,600,  , HU,26.6,86.7,115,948,-999,-999,-999,-999,-999,-999,-999,-999,-999,-999,-999,-999
37976,AL041992,ANDREW,19920825,1200,  , HU,27.2,88.2,120,946,-999,-999,-999,-999,-999,-999,-999,-999,-999,-999,-999,-999
37977,AL041992,ANDREW,19920825,1800,  , HU,27.8,89.6,125,941,-999,-999,-999,-999,-999,-999,-999,-999,-999,-999,-999,-999
37978,AL041992,ANDREW,19920826,0,  , HU,28.5,90.5,125,937,-999,-999,-999,-999,-999,-999,-999,-999,-999,-999,-999,-999
37979,AL041992,ANDREW,19920826,600,  , HU,29.2,91.3,120,955,-999,-999,-999,-999,-999,-999,-999,-999,-999,-999,-999,-999
37980,AL041992,ANDREW,19920826,830, L, HU,29.6,91.5,100,956,-999,-999,-999,-999,-999,-999,-999,-999,-999,-999,-999,-999
37981,AL041992,ANDREW,19920826,1200,  , HU,30.1,91.7,80,973,-999,-999,-999,-999,-999,-999,-999,-999,-999,-999,-999,-999
37982,AL041992,ANDREW,19920826,1800,  , TS,30.9,91.6,50,991,-999,-999,-999,-999,-999,-999,-999,-999,-999,-999,-999,-999
37983,AL041992,ANDREW,19920827,0,  , TS,31.5,91.1,35,995,-999,-999,-999,-999,-999,-999,-999,-999,-999,-999,-999,-999
37984,AL041992,ANDREW,19920827,600,  , TD,32.1,90.5,30,997,-999,-999,-999,-999,-999,-999,-999,-999,-999,-999,-999,-999
37985,AL041992,ANDREW,19920827,1200,  , TD,32.8,89.6,30,998,-999,-999,-999,-999,-999,-999,-999,-999,-999,-999,-999,-999
37986,AL041992,ANDREW,19920827,1800,  , TD,33.6,88.4,25,999,-999,-999,-999,-999,-999,-999,-999,-999,-999,-999,-999,-999
37987,AL041992,ANDREW,19920828,0,  , TD,34.4,86.7,20,1000,-999,-999,-999,-999,-999,-999,-999,-999,-999,-999,-999,-999
37988,AL041992,ANDREW,19920828,600,  , TD,35.4,84,20,1000,-999,-999,-999,-999,-999,-999,-999,-999,-999,-999,-999,-999
40584,AL131998,MITCH,19981022,0,  , TD,11.6,76.1,30,1002,-999,-999,-999,-999,-999,-999,-999,-999,-999,-999,-999,-999
40585,AL131998,MITCH,19981022,600,  , TD,11.9,77.1,30,1002,-999,-999,-999,-999,-999,-999,-999,-999,-999,-999,-999,-999
40586,AL131998,MITCH,19981022,1200,  , TD,12,77.9,30,1002,-999,-999,-999,-999,-999,-999,-999,-999,-999,-999,-999,-999
40587,AL131998,MITCH,19981022,1800,  , TS,11.6,77.9,35,1001,-999,-999,-999,-999,-999,-999,-999,-999,-999,-999,-999,-999
40588,AL131998,MITCH,19981023,0,  , TS,11.8,77.6,40,1000,-999,-999,-999,-999,-999,-999,-999,-999,-999,-999,-999,-999
40589,AL131998,MITCH,19981023,600,  , TS,12.2,77.6,45,999,-999,-999,-999,-999,-999,-999,-999,-999,-999,-999,-999,-999
40590,AL131998,MITCH,19981023,1200,  , TS,12.5,77.8,45,999,-999,-999,-999,-999,-999,-999,-999,-999,-999,-999,-999,-999
40591,AL131998,MITCH,19981023,1800,  , TS,12.9,78,50,998,-999,-999,-999,-999,-999,-999,-999,-999,-999,-999,-999,-999
40592,AL131998,MITCH,19981024,0,  , TS,13.4,77.9,55,997,-999,-999,-999,-999,-999,-999,-999,-999,-999,-999,-999,-999
40593,AL131998,MITCH,19981024,600,  , HU,13.9,77.8,65,990,-999,-999,-999,-999,-999,-999,-999,-999,-999,-999,-999,-999
40594,AL131998,MITCH,19981024,1200,  , HU,14.5,77.9,75,985,-999,-999,-999,-999,-999,-999,-999,-999,-999,-999,-999,-999
40595,AL131998,MITCH,19981024,1800,  , HU,15,78.1,90,980,-999,-999,-999,-999,-999,-999,-999,-999,-999,-999,-999,-999
40596,AL131998,MITCH,19981025,0,  , HU,15.5,78.4,100,965,-999,-999,-999,-999,-999,-999,-999,-999,-999,-999,-999,-999
40597,AL131998,MITCH,19981025,600,  , HU,16,78.9,105,951,-999,-999,-999,-999,-999,-999,-999,-999,-999,-999,-999,-999
40598,AL131998,MITCH,19981025,1200,  , HU,16.2,79.6,115,945,-999,-999,-999,-999,-999,-999,-999,-999,-999,-999,-999,-999
40599,AL131998,MITCH,19981025,1800,  , HU,16.4,80.3,125,926,-999,-999,-999,-999,-999,-999,-999,-999,-999,-999,-999,-999
40600,AL131998,MITCH,19981026,0,  , HU,16.4,81,130,923,-999,-999,-999,-999,-999,-999,-999,-999,-999,-999,-999,-999
40601,AL131998,MITCH,19981026,600,  , HU,16.4,81.8,135,922,-999,-999,-999,-999,-999,-999,-999,-999,-999,-999,-999,-999
40602,AL131998,MITCH,19981026,1200,  , HU,16.6,82.6,145,914,-999,-999,-999,-999,-999,-999,-999,-999,-999,-999,-999,-999
40603,AL131998,MITCH,19981026,1800,  , HU,16.9,83.1,155,905,-999,-999,-999,-999,-999,-999,-999,-999,-999,-999,-999,-999
40604,AL131998,MITCH,19981027,0,  , HU,17.2,83.8,155,910,-999,-999,-999,-999,-999,-999,-999,-999,-999,-999,-999,-999
40605,AL131998,MITCH,19981027,600,  , HU,17.3,84.4,150,917,-999,-999,-999,-999,-999,-999,-999,-999,-999,-999,-999,-999
40606,AL131998,MITCH,19981027,1200,  , HU,17.1,85,150,922,-999,-999,-999,-999,-999,-999,-999,-999,-999,-999,-999,-999
40607,AL131998,MITCH,19981027,1800,  , HU,16.9,85.4,145,928,-999,-999,-999,-999,-999,-999,-999,-999,-999,-999,-999,-999
40608,AL131998,MITCH,19981028,0,  , HU,16.6,85.6,140,933,-999,-999,-999,-999,-999,-999,-999,-999,-999,-999,-999,-999
40609,AL131998,MITCH,19981028,600,  , HU,16.3,85.6,130,938,-999,-999,-999,-999,-999,-999,-999,-999,-999,-999,-999,-999
40610,AL131998,MITCH,19981028,1200,  , HU,16.3,85.6,115,948,-999,-999,-999,-999,-999,-999,-999,-999,-999,-999,-999,-999
40611,AL131998,MITCH,19981028,1800,  , HU,16.3,85.7,95,959,-999,-999,-999,-999,-999,-999,-999,-999,-999,-999,-999,-999
40612,AL131998,MITCH,19981029,0,  , HU,16.2,85.8,85,970,-999,-999,-999,-999,-999,-999,-999,-999,-999,-999,-999,-999
40613,AL131998,MITCH,19981029,600,  , HU,16.1,85.8,75,979,-999,-999,-999,-999,-999,-999,-999,-999,-999,-999,-999,-999
40614,AL131998,MITCH,19981029,1200, L, HU,15.9,85.7,70,987,-999,-999,-999,-999,-999,-999,-999,-999,-999,-999,-999,-999
40615,AL131998,MITCH,19981029,1800,  , TS,15.8,85.6,60,994,-999,-999,-999,-999,-999,-999,-999,-999,-999,-999,-999,-999
40616,AL131998,MITCH,19981030,0,  , TS,15.6,85.7,55,995,-999,-999,-999,-999,-999,-999,-999,-999,-999,-999,-999,-999
40617,AL131998,MITCH,19981030,600,  , TS,15.4,85.9,50,996,-999,-999,-999,-999,-999,-999,-999,-999,-999,-999,-999,-999
40618,AL131998,MITCH,19981030,1200,  , TS,15.2,86.1,45,997,-999,-999,-999,-999,-999,-999,-999,-999,-999,-999,-999,-999
40619,AL131998,MITCH,19981030,1800,  , TS,14.9,86.5,45,998,-999,-999,-999,-999,-999,-999,-999,-999,-999,-999,-999,-999
40620,AL131998,MITCH,19981031,0,  , TS,14.7,87,45,999,-999,-999,-999,-999,-999,-999,-999,-999,-999,-999,-999,-999
40621,AL131998,MITCH,19981031,600,  , TS,14.5,87.7,40,1000,-999,-999,-999,-999,-999,-999,-999,-999,-999,-999,-999,-999
40622,AL131998,MITCH,19981031,1200,  , TS,14.5,88.5,35,1000,-999,-999,-999,-999,-999,-999,-999,-999,-999,-999,-999,-999
40623,AL131998,MITCH,19981031,1800,  , TD,14.6,89.2,30,1001,-999,-999,-999,-999,-999,-999,-999,-999,-999,-999,-999,-999
40624,AL131998,MITCH,19981101,0,  , TD,14.6,90,30,1002,-999,-999,-999,-999,-999,-999,-999,-999,-999,-999,-999,-999
40625,AL131998,MITCH,19981101,600,  , TD,14.7,90.8,25,1003,-999,-999,-999,-999,-999,-999,-999,-999,-999,-999,-999,-999
40626,AL131998,MITCH,19981101,1200,  , TD,14.9,91.5,25,1005,-999,-999,-999,-999,-999,-999,-999,-999,-999,-999,-999,-999
40627,AL131998,MITCH,19981101,1800,  , TD,15.5,92.2,25,1005,-999,-999,-999,-999,-999,-999,-999,-999,-999,-999,-999,-999
40628,AL131998,MITCH,19981102,0,  , LO,16.3,92.7,20,1005,-999,-999,-999,-999,-999,-999,-999,-999,-999,-999,-999,-999
40629,AL131998,MITCH,19981102,600,  , LO,17.1,93.1,20,1005,-999,-999,-999,-999,-999,-999,-999,-999,-999,-999,-999,-999
40630,AL131998,MITCH,19981102,1200,  , LO,17.9,93.4,20,1005,-999,-999,-999,-999,-999,-999,-999,-999,-999,-999,-999,-999
40631,AL131998,MITCH,19981102,1800,  , LO,18.7,93.7,20,1005,-999,-999,-999,-999,-999,-999,-999,-999,-999,-999,-999,-999
40632,AL131998,MITCH,19981103,0,  , LO,19.2,93.4,20,1003,-999,-999,-999,-999,-999,-999,-999,-999,-999,-999,-999,-999
40633,AL131998,MITCH,19981103,600,  , LO,19.3,92.7,20,1003,-999,-999,-999,-999,-999,-999,-999,-999,-999,-999,-999,-999
40634,AL131998,MITCH,19981103,1200,  , LO,19.4,92.1,25,1002,-999,-999,-999,-999,-999,-999,-999,-999,-999,-999,-999,-999
40635,AL131998,MITCH,19981103,1800,  , TS,19.6,91.4,40,997,-999,-999,-999,-999,-999,-999,-999,-999,-999,-999,-999,-999
40636,AL131998,MITCH,19981104,0,  , TS,20,90.6,35,997,-999,-999,-999,-999,-999,-999,-999,-999,-999,-999,-999,-999
40637,AL131998,MITCH,19981104,200, L, TS,20.1,90.5,35,998,-999,-999,-999,-999,-999,-999,-999,-999,-999,-999,-999,-999
40638,AL131998,MITCH,19981104,600,  , TD,20.8,89.6,30,998,-999,-999,-999,-999,-999,-999,-999,-999,-999,-999,-999,-999
40639,AL131998,MITCH,19981104,1200,  , TS,21.8,88.2,40,998,-999,-999,-999,-999,-999,-999,-999,-999,-999,-999,-999,-999
40640,AL131998,MITCH,19981104,1800,  , TS,23.3,86.5,40,993,-999,-999,-999,-999,-999,-999,-999,-999,-999,-999,-999,-999
40641,AL131998,MITCH,19981105,0,  , TS,24.8,84.8,45,993,-999,-999,-999,-999,-999,-999,-999,-999,-999,-999,-999,-999
40642,AL131998,MITCH,19981105,600,  , TS,25.6,83.1,50,990,-999,-999,-999,-999,-999,-999,-999,-999,-999,-999,-999,-999
40643,AL131998,MITCH,19981105,1100, L, TS,26.2,81.9,50,989,-999,-999,-999,-999,-999,-999,-999,-999,-999,-999,-999,-999
40644,AL131998,MITCH,19981105,1200,  , TS,26.6,81.3,55,987,-999,-999,-999,-999,-999,-999,-999,-999,-999,-999,-999,-999
40645,AL131998,MITCH,19981105,1800,  , EX,27.5,78.3,50,992,-999,-999,-999,-999,-999,-999,-999,-999,-999,-999,-999,-999
40646,AL131998,MITCH,19981106,0,  , EX,30,75,50,993,-999,-999,-999,-999,-999,-999,-999,-999,-999,-999,-999,-999
40647,AL131998,MITCH,19981106,600,  , EX,32.5,72,50,992,-999,-999,-999,-999,-999,-999,-999,-999,-999,-999,-999,-999
40648,AL131998,MITCH,19981106,1200,  , EX,35,68,50,990,-999,-999,-999,-999,-999,-999,-999,-999,-999,-999,-999,-999
40649,AL131998,MITCH,19981106,1800,  , EX,37,63,50,989,-999,-999,-999,-999,-999,-999,-999,-999,-999,-999,-999,-999
40650,AL131998,MITCH,19981107,0,  , EX,39,58,50,990,-999,-999,-999,-999,-999,-999,-999,-999,-999,-999,-999,-999
40651,AL131998,MITCH,19981107,600,  , EX,41,53,50,992,-999,-999,-999,-999,-999,-999,-999,-999,-999,-999,-999,-999
40652,AL131998,MITCH,19981107,1200,  , EX,42.5,47.5,50,986,-999,-999,-999,-999,-999,-999,-999,-999,-999,-999,-999,-999
40653,AL131998,MITCH,19981107,1800,  , EX,44.5,42,60,972,-999,-999,-999,-999,-999,-999,-999,-999,-999,-999,-999,-999
40654,AL131998,MITCH,19981108,0,  , EX,46.5,36.5,60,974,-999,-999,-999,-999,-999,-999,-999,-999,-999,-999,-999,-999
40655,AL131998,MITCH,19981108,600,  , EX,48.5,31,60,972,-999,-999,-999,-999,-999,-999,-999,-999,-999,-999,-999,-999
40656,AL131998,MITCH,19981108,1200,  , EX,50,25,60,962,-999,-999,-999,-999,-999,-999,-999,-999,-999,-999,-999,-999
40657,AL131998,MITCH,19981108,1800,  , EX,53.5,20.5,60,956,-999,-999,-999,-999,-999,-999,-999,-999,-999,-999,-999,-999
40658,AL131998,MITCH,19981109,0,  , EX,55.5,14.5,60,956,-999,-999,-999,-999,-999,-999,-999,-999,-999,-999,-999,-999
40659,AL131998,MITCH,19981109,600,  , EX,58,10.5,60,956,-999,-999,-999,-999,-999,-999,-999,-999,-999,-999,-999,-999
40660,AL131998,MITCH,19981109,1200,  , EX,61,10,60,956,-999,-999,-999,-999,-999,-999,-999,-999,-999,-999,-999,-999
40661,AL131998,MITCH,19981109,1800,  , EX,63.5,5,55,960,-999,-999,-999,-999,-999,-999,-999,-999,-999,-999,-999,-999
44063,AL122005,KATRINA,20050823,1800,  , TD,23.1,75.1,30,1008,0,0,0,0,0,0,0,0,0,0,0,0
44064,AL122005,KATRINA,20050824,0,  , TD,23.4,75.7,30,1007,0,0,0,0,0,0,0,0,0,0,0,0
44065,AL122005,KATRINA,20050824,600,  , TD,23.8,76.2,30,1007,0,0,0,0,0,0,0,0,0,0,0,0
44066,AL122005,KATRINA,20050824,1200,  , TS,24.5,76.5,35,1006,60,60,0,0,0,0,0,0,0,0,0,0
44067,AL122005,KATRINA,20050824,1800,  , TS,25.4,76.9,40,1003,60,60,0,0,0,0,0,0,0,0,0,0
44068,AL122005,KATRINA,20050825,0,  , TS,26,77.7,45,1000,60,60,0,0,0,0,0,0,0,0,0,0
44069,AL122005,KATRINA,20050825,600,  , TS,26.1,78.4,50,997,60,60,0,0,15,0,0,0,0,0,0,0
44070,AL122005,KATRINA,20050825,1200,  , TS,26.2,79,55,994,60,60,30,50,20,20,0,0,0,0,0,0
44071,AL122005,KATRINA,20050825,1800,  , TS,26.2,79.6,60,988,70,70,50,60,25,25,20,20,0,0,0,0
44072,AL122005,KATRINA,20050825,2230, L, HU,26,80.1,70,984,-999,-999,-999,-999,-999,-999,-999,-999,-999,-999,-999,-999
44073,AL122005,KATRINA,20050826,0,  , HU,25.9,80.3,70,983,70,70,50,40,20,20,20,20,10,10,10,10
44074,AL122005,KATRINA,20050826,600,  , HU,25.4,81.3,65,987,75,75,40,30,60,60,20,20,10,10,10,10
44075,AL122005,KATRINA,20050826,1200,  , HU,25.1,82,75,979,75,75,45,25,60,60,25,20,20,20,10,10
44076,AL122005,KATRINA,20050826,1800,  , HU,24.9,82.6,85,968,75,75,55,35,60,60,35,20,20,20,15,10
44077,AL122005,KATRINA,20050827,0,  , HU,24.6,83.3,90,959,90,75,75,75,60,60,40,30,25,25,20,15
44078,AL122005,KATRINA,20050827,600,  , HU,24.4,84,95,950,130,90,90,130,60,60,45,60,35,30,30,25
44079,AL122005,KATRINA,20050827,1200,  , HU,24.4,84.7,100,942,130,90,90,130,60,60,45,60,35,30,30,25
44080,AL122005,KATRINA,20050827,1800,  , HU,24.5,85.3,100,948,140,90,90,130,70,70,60,70,45,35,35,35
44081,AL122005,KATRINA,20050828,0,  , HU,24.8,85.9,100,941,140,100,100,140,80,80,65,80,60,45,45,50
44082,AL122005,KATRINA,20050828,600,  , HU,25.2,86.7,125,930,160,160,125,140,100,100,75,100,75,75,50,75
44083,AL122005,KATRINA,20050828,1200,  , HU,25.7,87.7,145,909,180,180,125,140,120,120,75,100,90,90,50,75
44084,AL122005,KATRINA,20050828,1800,  , HU,26.3,88.6,150,902,200,180,125,180,120,120,75,120,90,90,50,90
44085,AL122005,KATRINA,20050829,0,  , HU,27.2,89.2,140,905,200,200,150,180,120,120,75,100,90,90,60,80
44086,AL122005,KATRINA,20050829,600,  , HU,28.2,89.6,125,913,200,200,150,150,120,120,75,100,90,90,60,70
44087,AL122005,KATRINA,20050829,1110, L, HU,29.3,89.6,110,920,-999,-999,-999,-999,-999,-999,-999,-999,-999,-999,-999,-999
44088,AL122005,KATRINA,20050829,1200,  , HU,29.5,89.6,110,923,200,200,150,100,120,120,75,75,90,90,60,60
44089,AL122005,KATRINA,20050829,1445, L, HU,30.2,89.6,105,928,-999,-999,-999,-999,-999,-999,-999,-999,-999,-999,-999,-999
44090,AL122005,KATRINA,20050829,1800,  , HU,31.1,89.6,80,948,100,180,100,100,75,100,75,75,50,50,30,30
44091,AL122005,KATRINA,20050830,0,  , TS,32.6,89.1,50,961,75,90,90,50,50,60,0,0,0,0,0,0
44092,AL122005,KATRINA,20050830,600,  , TS,34.1,88.6,40,978,75,90,75,50,0,0,0,0,0,0,0,0
44093,AL122005,KATRINA,20050830,1200,  , TD,35.6,88,30,985,0,0,0,0,0,0,0,0,0,0,0,0
44094,AL122005,KATRINA,20050830,1800,  , TD,37,87,30,990,0,0,0,0,0,0,0,0,0,0,0,0
44095,AL122005,KATRINA,20050831,0,  , EX,38.6,85.3,30,994,0,0,0,0,0,0,0,0,0,0,0,0
44096,AL122005,KATRINA,20050831,600,  , EX,40.1,82.9,25,996,0,0,0,0,0,0,0,0,0,0,0,0
44300,AL182005,RITA,20050918,0,  , TD,21.3,69.9,25,1009,0,0,0,0,0,0,0,0,0,0,0,0
44301,AL182005,RITA,20050918,600,  , TD,21.6,70.7,25,1009,0,0,0,0,0,0,0,0,0,0,0,0
44302,AL182005,RITA,20050918,1200,  , TD,21.9,71.5,30,1007,0,0,0,0,0,0,0,0,0,0,0,0
44303,AL182005,RITA,20050918,1800,  , TS,22.2,72.3,35,1005,75,75,0,60,0,0,0,0,0,0,0,0
44304,AL182005,RITA,20050919,0,  , TS,22.4,73,45,1002,90,60,0,90,0,0,0,0,0,0,0,0
44305,AL182005,RITA,20050919,600,  , TS,22.6,73.8,50,999,100,50,0,90,40,0,0,40,0,0,0,0
44306,AL182005,RITA,20050919,1200,  , TS,22.8,74.7,55,997,120,50,50,90,40,0,0,40,0,0,0,0
44307,AL182005,RITA,20050919,1800,  , TS,23.1,75.9,60,994,110,60,60,90,40,30,20,40,0,0,0,0
44308,AL182005,RITA,20050920,0,  , TS,23.3,77.2,60,992,105,60,60,105,45,30,20,45,0,0,0,0
44309,AL182005,RITA,20050920,600,  , TS,23.5,78.8,60,990,105,60,60,105,45,45,20,45,0,0,0,0
44310,AL182005,RITA,20050920,1200,  , HU,23.7,80.3,70,985,110,75,60,105,45,45,20,45,25,25,0,0
44311,AL182005,RITA,20050920,1800,  , HU,23.9,81.6,85,975,120,100,60,105,60,45,40,45,40,25,20,40
44312,AL182005,RITA,20050921,0,  , HU,24.1,82.7,95,967,120,100,60,105,60,45,40,45,40,25,20,40
44313,AL182005,RITA,20050921,600,  , HU,24.2,84,110,955,120,100,60,105,60,45,40,60,40,30,25,40
44314,AL182005,RITA,20050921,1200,  , HU,24.2,85.2,120,941,135,115,80,125,75,50,40,60,50,40,30,40
44315,AL182005,RITA,20050921,1800,  , HU,24.3,86.2,145,920,150,125,100,150,90,60,50,75,60,50,40,50
44316,AL182005,RITA,20050922,0,  , HU,24.5,86.9,150,897,160,140,100,160,90,80,60,90,60,60,40,50
44317,AL182005,RITA,20050922,300, I, HU,24.7,87.3,155,895,-999,-999,-999,-999,-999,-999,-999,-999,-999,-999,-999,-999
44318,AL182005,RITA,20050922,600,  , HU,24.8,87.6,155,897,160,140,100,160,100,80,60,90,60,60,40,50
44319,AL182005,RITA,20050922,1200,  , HU,25.2,88.3,140,908,160,140,100,160,100,80,60,90,75,75,40,75
44320,AL182005,RITA,20050922,1800,  , HU,25.6,89.1,125,913,180,140,100,140,120,90,50,80,70,60,40,50
44321,AL182005,RITA,20050923,0,  , HU,26,89.9,120,915,180,150,100,140,120,100,50,80,70,60,40,50
44322,AL182005,RITA,20050923,600,  , HU,26.5,90.7,115,924,180,150,120,140,120,100,80,100,75,60,40,50
44323,AL182005,RITA,20050923,1200,  , HU,27.1,91.5,115,927,180,150,120,160,120,100,80,120,75,60,40,60
44324,AL182005,RITA,20050923,1800,  , HU,27.8,92.3,110,930,180,150,120,160,120,100,80,120,75,60,40,60
44325,AL182005,RITA,20050924,0,  , HU,28.6,93,105,931,180,160,120,120,120,100,80,90,75,60,40,60
44326,AL182005,RITA,20050924,600,  , HU,29.4,93.6,100,935,180,160,120,120,120,100,80,90,75,60,40,60
44327,AL182005,RITA,20050924,740, L, HU,29.7,93.7,100,937,-999,-999,-999,-999,-999,-999,-999,-999,-999,-999,-999,-999
44328,AL182005,RITA,20050924,1200,  , HU,30.5,94.1,65,949,60,160,120,50,45,45,45,45,30,30,30,30
44329,AL182005,RITA,20050924,1800,  , TS,31.6,94.1,45,974,50,120,120,50,0,0,0,0,0,0,0,0
44330,AL182005,RITA,20050925,0,  , TS,32.7,94,35,982,50,50,30,50,0,0,0,0,0,0,0,0
44331,AL182005,RITA,20050925,600,  , TD,33.7,93.6,30,989,0,0,0,0,0,0,0,0,0,0,0,0
44332,AL182005,RITA,20050925,1200,  , TD,34.7,92.5,25,995,0,0,0,0,0,0,0,0,0,0,0,0
44333,AL182005,RITA,20050925,1800,  , TD,35.8,91.4,25,1000,0,0,0,0,0,0,0,0,0,0,0,0
44334,AL182005,RITA,20050926,0,  , TD,37,90.1,20,1003,0,0,0,0,0,0,0,0,0,0,0,0
44335,AL182005,RITA,20050926,600,  , LO,39.5,88,20,1006,0,0,0,0,0,0,0,0,0,0,0,0
44420,AL252005,WILMA,20051015,1800,  , TD,17.6,78.5,25,1004,0,0,0,0,0,0,0,0,0,0,0,0
44421,AL252005,WILMA,20051016,0,  , TD,17.6,78.8,25,1004,0,0,0,0,0,0,0,0,0,0,0,0
44422,AL252005,WILMA,20051016,600,  , TD,17.5,79,30,1003,0,0,0,0,0,0,0,0,0,0,0,0
44423,AL252005,WILMA,20051016,1200,  , TD,17.5,79.2,30,1003,0,0,0,0,0,0,0,0,0,0,0,0
44424,AL252005,WILMA,20051016,1800,  , TD,17.5,79.4,30,1002,0,0,0,0,0,0,0,0,0,0,0,0
44425,AL252005,WILMA,20051017,0,  , TD,17.4,79.6,30,1001,0,0,0,0,0,0,0,0,0,0,0,0
44426,AL252005,WILMA,20051017,600,  , TS,16.9,79.6,35,1000,0,0,40,0,0,0,0,0,0,0,0,0
44427,AL252005,WILMA,20051017,1200,  , TS,16.3,79.7,40,999,0,60,40,0,0,0,0,0,0,0,0,0
44428,AL252005,WILMA,20051017,1800,  , TS,16,79.8,45,997,30,60,60,30,0,0,0,0,0,0,0,0
44429,AL252005,WILMA,20051018,0,  , TS,15.8,79.9,55,988,60,60,60,60,20,20,20,20,0,0,0,0
44430,AL252005,WILMA,20051018,600,  , TS,15.7,79.9,60,982,60,60,50,60,20,20,20,20,0,0,0,0
44431,AL252005,WILMA,20051018,1200,  , HU,16.2,80.3,65,979,105,75,50,105,30,20,20,30,15,15,0,15
44432,AL252005,WILMA,20051018,1800,  , HU,16.6,81.1,75,975,120,75,60,120,50,30,30,50,15,15,15,15
44433,AL252005,WILMA,20051019,0,  , HU,16.6,81.8,130,946,135,90,90,135,60,30,30,60,15,15,15,15
44434,AL252005,WILMA,20051019,600,  , HU,17,82.2,150,892,140,90,90,140,60,30,30,60,30,15,15,30
44435,AL252005,WILMA,20051019,1200,  , HU,17.3,82.8,160,882,170,125,90,140,70,45,45,70,45,20,20,45
44436,AL252005,WILMA,20051019,1800,  , HU,17.4,83.4,140,892,200,200,100,150,75,60,60,75,50,40,40,50
44437,AL252005,WILMA,20051020,0,  , HU,17.9,84,135,892,200,200,110,150,75,75,60,75,60,40,40,60
44438,AL252005,WILMA,20051020,600,  , HU,18.1,84.7,130,901,200,200,110,150,75,75,60,75,60,40,40,60
44439,AL252005,WILMA,20051020,1200,  , HU,18.3,85.2,130,910,200,150,110,175,110,85,60,110,75,75,45,75
44440,AL252005,WILMA,20051020,1800,  , HU,18.6,85.5,130,917,175,150,120,175,110,90,75,110,75,75,60,75
44441,AL252005,WILMA,20051021,0,  , HU,19.1,85.8,130,924,175,150,120,175,110,90,75,110,75,75,60,75
44442,AL252005,WILMA,20051021,600,  , HU,19.5,86.1,130,930,175,150,120,175,110,90,75,110,75,75,60,75
44443,AL252005,WILMA,20051021,1200,  , HU,20.1,86.4,125,929,175,175,120,150,100,90,75,100,75,75,60,75
44444,AL252005,WILMA,20051021,1800,  , HU,20.3,86.7,120,926,175,175,120,150,100,100,75,100,75,75,60,75
44445,AL252005,WILMA,20051021,2145, L, HU,20.6,86.8,130,927,-999,-999,-999,-999,-999,-999,-999,-999,-999,-999,-999,-999
44446,AL252005,WILMA,20051022,0,  , HU,20.6,86.8,120,930,175,175,120,150,100,100,75,100,75,75,60,75
44447,AL252005,WILMA,20051022,330, L, HU,20.8,86.9,115,933,-999,-999,-999,-999,-999,-999,-999,-999,-999,-999,-999,-999
44448,AL252005,WILMA,20051022,600,  , HU,20.8,87,110,935,175,175,120,150,100,100,75,100,75,75,60,75
44449,AL252005,WILMA,20051022,1200,  , HU,21,87.1,100,947,175,175,120,150,100,100,75,100,75,75,60,75
44450,AL252005,WILMA,20051022,1800,  , HU,21.3,87.1,85,958,175,175,120,150,100,100,75,100,75,75,50,75
44451,AL252005,WILMA,20051023,0,  , HU,21.6,87,85,960,175,175,120,150,100,100,75,90,60,60,50,60
44452,AL252005,WILMA,20051023,600,  , HU,21.8,86.8,85,962,175,175,125,175,100,100,75,90,60,60,40,40
44453,AL252005,WILMA,20051023,1200,  , HU,22.4,86.1,85,961,200,200,125,175,100,100,75,90,60,60,40,40
44454,AL252005,WILMA,20051023,1800,  , HU,23.1,85.4,90,963,200,200,150,150,125,125,90,90,65,75,50,50
44455,AL252005,WILMA,20051024,0,  , HU,24,84.3,95,958,200,200,150,150,125,125,90,90,65,75,50,50
44456,AL252005,WILMA,20051024,600,  , HU,25,83.1,110,953,200,200,175,150,125,125,100,90,75,80,75,50
44457,AL252005,WILMA,20051024,1030, L, HU,25.9,81.7,105,950,-999,-999,-999,-999,-999,-999,-999,-999,-999,-999,-999,-999
44458,AL252005,WILMA,20051024,1200,  , HU,26.2,81,95,950,200,225,200,150,125,150,100,90,75,90,75,40
44459,AL252005,WILMA,20051024,1800,  , HU,28,78.8,105,955,200,225,200,150,125,150,100,90,75,90,75,40
44460,AL252005,WILMA,20051025,0,  , HU,30.1,76,110,955,200,225,250,150,125,150,100,90,75,90,75,40
44461,AL252005,WILMA,20051025,600,  , HU,33.3,72,100,963,200,275,375,150,125,150,100,75,75,90,60,40
44462,AL252005,WILMA,20051025,1200,  , HU,36.8,67.9,90,970,200,300,375,175,125,150,100,75,75,90,60,40
44463,AL252005,WILMA,20051025,1800,  , HU,40.5,63.5,75,976,200,300,375,175,125,150,100,75,60,75,45,45
44464,AL252005,WILMA,20051026,0,  , EX,42.5,60,60,978,200,300,375,175,125,150,100,75,0,0,0,0
44465,AL252005,WILMA,20051026,600,  , EX,44,57.5,55,982,200,300,375,175,125,150,100,75,0,0,0,0
44466,AL252005,WILMA,20051026,1200,  , EX,45,55,50,986,200,300,375,175,125,150,100,75,0,0,0,0
44467,AL252005,WILMA,20051026,1800,  , EX,45.5,52,40,990,200,300,375,175,0,0,0,0,0,0,0,0
